Evidence_code,VEP_annotation,Values_to_match,Evidence_category,Evidence_strength,Description,Quick_description,Data_type,Data_source,Data_source_details,Simple_logic?
PVS1,Consequence/Impact,HIGH,Pathogenic,Very Strong,"Null variant (nonsense, frameshift, canonical ±1 or 2 splice sites, initiation codon, single or multiexon deletion) in a gene where LOF is a known mechanism of disease",Null allele in LOF disease,Variant annotation,VEP/GEMINI,base VEP,Yes
PS1,Existing_variation/Consequence,missense_variant and pathogenic variant in clinvar with same amino acid change,Pathogenic,Strong,Same amino acid change as a previously established pathogenic variant regardless of nucleotide change,Same aa change as known pathogenic,Variant annotation,VEP/GEMINI,SameCodon VEP plugin?,Yes
PS2,GT,"0/1 in proband, 0/0 in both parents",Pathogenic,Strong,De novo (both maternity and paternity confirmed) in a patient with the disease and no family history,De novo confirmed,Variant annotation,VEP/GEMINI,GEMINI/slivar,Yes
PS3,"none, likely needs to be manual",-,Pathogenic,Strong,Well-established in vitro or in vivo functional studies supportive of a damaging effect on the gene or gene product,Functional studies show damaging effect,,,,No
PS4,GT,"0/1 or 1/1 in affecteds, 0/0 or 0/1 in unaffecteds",Pathogenic,Strong,The prevalence of the variant in affected individuals is significantly increased compared with the prevalence in controls.,Greater in cases than controls,Variant annotation,"VEP for families, others for large scale case/control",GEMINI/slivar,Yes/No
PM1,DOMAINS,Pfam_domain:PF___ (matched to Pfam domains that are functional),Pathogenic,Moderate,"Located in a mutational hot spot and/or critical and well-established functional domain (e.g., active site of an enzyme) without benign variation",Functional domain or hot spot,Variant annotation,VEP/GEMINI,base VEP domains?,Yes
PM2,gnomAD_AF,< 0.01 (or user specified threshold),Pathogenic,Moderate,"Absent from controls (or at extremely low frequency if recessive) in Exome Sequencing Project, 1000 Genomes Project, or Exome Aggregation Consortium",Very low allele frequency,Variant annotation,VEP/GEMINI,base VEP,Yes
PM3,GT?,1/1?,Pathogenic,Moderate,"For recessive disorders, detected in trans with a pathogenic variant",In trans for recessive,Variant annotation,,,No
PM4,Consequence,"inframe_insertion or inframe_deletion, checking surrounding positions for repeat regions",Pathogenic,Moderate,Protein length changes as a result of in-frame deletions/insertions in a non-repeat region or stop-loss variants,Inframe ins/del changes protein length,Variant annotation,VEP/GEMINI,,Yes
PM5,Existing_variation/Consequence,rsID is same amino acid change as clinvar pathogenic,Pathogenic,Moderate,Novel missense change at an amino acid residue where a different missense change determined to be pathogenic has been seen before,Novel missense where different missense at same aa is pathogenic,Variant annotation,,,No
PM6,GT/gnomAD_AF,0/1 and not present in gnomAD?,Pathogenic,Moderate,"Assumed de novo, but without confirmation of paternity and maternity",De novo not confirmed,Variant annotation,VEP/GEMINI,base VEP,Yes
PP1,GT,"0/1 or 1/1 in affecteds, 0/0 or 0/1 in unaffecteds, in a known disease causing gene though",Pathogenic,Supporting,Cosegregation with disease in multiple affected family members in a gene definitively known to cause the disease,Allele segregation in family in known causative gene,Variant annotation,"VEP, literature, gene panels",GEMINI/slivar,Yes
PP2,Consequence,"may need to be manual, missense in a gene where missense variants cause disease, a separate database would need to be built to have these diseases where missense variants are causative",Pathogenic,Supporting,Missense variant in a gene that has a low rate of benign missense variation and in which missense variants are a common mechanism of disease,Missense in disease where missense is known mechanism,Variant annotation,"VEP, literature, gene panels",,No
PP3,REVEL,> 0.8 ? or user defined,Pathogenic,Supporting,"Multiple lines of computational evidence support a deleterious effect on the gene or gene product (conservation, evolutionary, splicing impact, etc.)",Multiple computational evidences support pathogenicity,Variant annotation,VEP/GEMINI,REVEL VEP plugin + others,Yes
PP4,"none, likely needs to be manual",-,Pathogenic,Supporting,Patient’s phenotype or family history is highly specific for a disease with a single genetic etiology,Highly specific phenotype in family,Patient history,,patient notes,Yes
PP5,-,-,Pathogenic,Supporting,"Reputable source recently reports variant as pathogenic, but the evidence is not available to the laboratory to perform an independent evaluation",Other sources report as pathogenic,-,-,,
BA1,gnomAD_AF,> 0.05 frequency,Benign,Very Strong,"Allele frequency is >5% in Exome Sequencing Project, 1000 Genomes Project, or Exome Aggregation Consortium",Allele freq > 5%,Variant annotation,VEP/GEMINI,base VEP,Yes
BS1,gnomAD_AF,> 0.01 or user defined,Benign,Strong,Allele frequency is greater than expected for disorder,Allele freq greater than expected,Variant annotation,VEP/GEMINI,,No
BS2,GT,genotype of unaffected individual matches parent or unaffected individual (0/1 or 1/1),Benign,Strong,"Observed in a healthy adult individual for a recessive (homozygous), dominant (heterozygous), or X-linked (hemizygous) disorder, with full penetrance expected at an early age",Observed in healthy individuals when expected to be penetrant,Variant annotation,VEP/GEMINI,GEMINI/slivar?,Yes
BS3,"none, likely needs to be manual",,Benign,Strong,Well-established in vitro or in vivo functional studies show no damaging effect on protein function or splicing,Functional studies show benign effect,,,,No
BS4,GT,"genotype of unaffected individual matches parent or unaffected individual (0/1 or 1/1), same as BS2?",Benign,Strong,Lack of segregation in affected members of a family,Lack of segregation in family,Variant annotation,VEP/GEMINI,GEMINI/slivar,Yes
BP1,Existing_variation/Consequence,"missense_variant, but also using a separate database would need to be built to have these diseases where missense variants are causative",Benign,Supporting,Missense variant in a gene for which primarily truncating variants are known to cause disease,Missense variant in disease where only total LOF is observed,Variant annotation,"VEP, literature, gene panels",,No
BP2,Existing_variation/Consequence/SYMBOL,variant is in same gene as clinvar pathogenic,Benign,Supporting,Observed in trans with a pathogenic variant for a fully penetrant dominant gene/disorder or observed in cis with a pathogenic variant in any inheritance pattern,Observed in trans with pathogenic variant or,Variant annotation,,,No
BP3,Consequence,"inframe_insertion or inframe_deletion, checking surrounding positions for repeat regions",Benign,Supporting,In-frame deletions/insertions in a repetitive region without a known function,Inframe ins/del in repetitive region,Variant annotation,VEP/GEMINI,base VEP domains?,No
BP4,REVEL,< 0.5 ? or user defined,Benign,Supporting,"Multiple lines of computational evidence suggest no impact on gene or gene product (conservation, evolutionary, splicing impact, etc.)",Multiple computational evidences support benign,Variant annotation,VEP/GEMINI,REVEL VEP plugin + others,Yes
BP5,most likely manual,-,Benign,Supporting,Variant found in a case with an alternate molecular basis for disease,Variant in case where causal variant already established,,,,No
BP6,-,-,Benign,Supporting,"Reputable source recently reports variant as benign, but the evidence is not available to the laboratory to perform an independent evaluation.",Other sources report as benign,-,-,,
BP7,Consequence,synonymous_variant and NO splice predictions,Benign,Supporting,A synonymous (silent) variant for which splicing prediction algorithms predict no impact to the splice consensus sequence nor the creation of a new splice site AND the nucleotide is not highly conserved,Synonymous that doesn't affect splicing and nt is not conserved,Variant annotation,VEP/GEMINI,base VEP,Yes
,,,,,,,,,,
** Consider not including PP5 and BP6 - been some suggestions that these aren't valid measures,,,,,,,,,,
*** Also consider using ANNOVAR/InterVar for classifying instead of VEP/GEMINI,,,,,,,,,,